MATRICULE,NOM,PRENOM,EMAIL,TELEPHONE,DATE_NAISSANCE,SEXE,DATE_FEET,DATE_SORTIE,CODE_GESTIONNAIRE,LIBELLE_GESTIONNAIRE,CODE_ASSUREUR,LIBELLE_ASSUREUR
Charles,brianoneill@example.org,795.986.8595x4772,1986-09-26,M,2022-11-02,2023-10-03,173690,Gestionnaire 173690,350731,Assureur 350731
1057823,Williams,Jacob,jessicagibson@example.com,001-400-484-2848x830,1961-02-14,F,2016-08-24,2020-07-30,864502,Gestionnaire 864502,336005,Assureur 336005
905546,Hamilton,Omar,nicholas16@example.org,(492)258-8536x93342,1985-12-27,M,2016-12-17,2021-12-15,539758,Gestionnaire 539758,771728,Assureur 771728
879525,Cortez,Antonio,johnhartman@example.net,(434)725-4689x640,1938-12-23,M,2015-01-28,2017-10-18,446152,Gestionnaire 446152,238239,Assureur 238239
179128,Lee,Stacy,michellesampson@example.org,305-355-7590x3729,1949-01-25,F,2023-05-04,2024-01-20,605983,Gestionnaire 605983,896844,Assureur 896844
642098,Mendoza,Evan,seth72@example.net,440.573.7699x2055,1934-04-01,F,2015-11-04,2023-09-02,523420,Gestionnaire 523420,611759,Assureur 611759
748775,Hart,Sara,pittsjennifer@example.com,(945)848-9064,1949-01-05,M,2015-05-19,2023-03-28,105623,Gestionnaire 105623,158530,Assureur 158530
594849,Harris,Jodi,devinstanley@example.com,(244)294-4771x19544,1976-07-18,F,2020-03-01,2022-06-14,622635,Gestionnaire 622635,817750,Assureur 817750
607225,Peterson,Benjamin,daughertykimberly@example.com,+1-292-352-6044x04116,1976-06-11,M,2016-04-17,2020-02-25,666049,Gestionnaire 666049,866585,Assureur 866585
765727,Oliver,Richard,richardwood@example.com,001-576-431-8922x0824,1955-08-13,M,2022-04-12,2024-04-22,743435,Gestionnaire 743435,484401,Assureur 484401
816408,Munoz,Elizabeth,jermainepalmer@example.net,453.836.5116x94942,1961-04-03,M,2021-07-29,2022-03-22,708184,Gestionnaire 708184,350485,Assureur 350485
1093761,Cruz,Riley,anewman@example.net,9576845893,1969-10-28,M,2022-08-28,2023-07-24,215093,Gestionnaire 215093,298628,Assureur 298628
955056,Ewing,Robin,amanda97@example.com,+1-602-585-3258x19705,1950-05-18,M,2022-04-22,2022-11-05,719457,Gestionnaire 719457,454954,Assureur 454954
833282,Reed,Amber,sharonchandler@example.net,+1-876-622-2680x015,1937-06-05,M,2014-10-26,2018-08-01,339967,Gestionnaire 339967,246646,Assureur 246646
701978,Finley,Elizabeth,robbinsmatthew@example.com,(363)949-1409x88773,1980-02-25,M,2019-11-09,2023-01-07,390458,Gestionnaire 390458,342504,Assureur 342504
207211,Brown,Victoria,emily34@example.net,(694)601-2233,1936-03-30,M,2014-06-29,2020-01-18,921458,Gestionnaire 921458,42006,Assureur 42006
650935,Mueller,Renee,jessicagriffin@example.com,592.433.6325x67431,1967-02-04,M,2022-03-10,2022-09-19,869960,Gestionnaire 869960,435791,Assureur 435791
442601,Green,Cathy,ricepaul@example.org,+1-940-941-3065x738,1940-06-06,F,2023-09-13,2024-05-12,489281,Gestionnaire 489281,56266,Assureur 56266
281399,Cruz,Sarah,chavezanna@example.com,+1-310-251-0019x7019,1941-08-18,M,2015-02-18,2019-05-02,163137,Gestionnaire 163137,984580,Assureur 984580
992181,Jones,Chelsea,williamstiffany@example.org,001-539-220-8167x75746,1957-10-02,M,2023-03-25,2023-07-14,15552,Gestionnaire 15552,788225,Assureur 788225
965323,Burke,David,thomasfelicia@example.net,425.272.0022x256,1957-05-26,M,2024-05-29,2024-06-03,978520,Gestionnaire 978520,504401,Assureur 504401
719326,Davenport,Juan,franciscoallen@example.com,9597957697,1977-05-11,F,2017-09-12,2023-10-16,119976,Gestionnaire 119976,840530,Assureur 840530
133099,Evans,Ronald,whitejordan@example.net,001-877-478-7728,1973-03-22,F,2020-07-28,2021-07-11,903677,Gestionnaire 903677,359397,Assureur 359397
379482,Thompson,Levi,vlopez@example.org,001-225-287-7488x43542,1971-01-14,M,2020-07-02,2022-07-02,395945,Gestionnaire 395945,753341,Assureur 753341
907286,Lopez,Makayla,ftucker@example.com,949-546-6816x3097,1937-11-01,F,2022-08-05,2024-03-17,462603,Gestionnaire 462603,484752,Assureur 484752
904293,Stevens,Kathy,kimberly13@example.com,291.812.7262x475,1948-06-04,M,2023-11-23,2024-03-24,907424,Gestionnaire 907424,727910,Assureur 727910
722693,Adams,Jeremy,obaker@example.net,7103859098,1938-09-22,F,2022-11-27,2023-05-16,302103,Gestionnaire 302103,975175,Assureur 975175
943017,Simmons,Kimberly,lisaturner@example.org,001-436-275-9550x624,1968-12-29,F,2015-04-17,2016-11-28,527355,Gestionnaire 527355,393780,Assureur 393780
387127,Ingram,Christopher,gonzalezchristopher@example.net,(357)550-1512,1970-12-06,F,2023-02-06,2023-11-06,117502,Gestionnaire 117502,956758,Assureur 956758
810596,Hall,Brooke,matthew05@example.net,618-642-8261,1949-08-06,M,2023-09-14,2024-02-13,336056,Gestionnaire 336056,1421,Assureur 1421
784749,Castillo,Amy,joshuamartin@example.com,001-844-642-2138x70450,1969-02-04,F,2017-03-14,2022-06-04,218598,Gestionnaire 218598,881333,Assureur 881333
664162,Lawson,Kevin,sloandaniel@example.net,(687)628-8780x28941,1954-04-26,M,2023-08-10,2023-11-23,350200,Gestionnaire 350200,439841,Assureur 439841
128560,Moreno,Jessica,brittanywilson@example.org,001-668-503-7107x344,2005-08-05,M,2019-11-10,2023-11-12,810898,Gestionnaire 810898,725627,Assureur 725627
634740,Ortiz,Anthony,dustin39@example.com,5474530132,1949-04-15,F,2024-04-25,2024-05-01,951912,Gestionnaire 951912,497461,Assureur 497461
942931,Cooper,Elizabeth,yrobles@example.org,(435)612-1865x13528,1982-03-12,F,2021-12-17,2021-12-20,989667,Gestionnaire 989667,601129,Assureur 601129
325013,Bowen,Richard,corey44@example.net,+1-776-446-2175,1978-12-07,F,2014-07-08,2021-07-31,517576,Gestionnaire 517576,383735,Assureur 383735
513568,Golden,Juan,tinawalker@example.org,001-261-571-3685x391,1945-09-27,M,2021-05-29,2022-08-28,995042,Gestionnaire 995042,924404,Assureur 924404
240732,Stewart,Laura,adam82@example.org,(229)245-8378x42762,2005-12-05,M,2015-01-26,2020-01-29,562878,Gestionnaire 562878,198420,Assureur 198420
852249,Lopez,Melinda,davidromero@example.net,(267)368-9203,1942-01-21,M,2016-04-19,2022-04-22,242837,Gestionnaire 242837,506246,Assureur 506246
954312,Gross,William,prose@example.org,7904616990,1990-10-11,M,2016-10-23,2021-08-20,314598,Gestionnaire 314598,417462,Assureur 417462
265382,Nguyen,Brian,mitchellmichael@example.org,+1-875-287-7552x87267,1959-08-15,M,2014-09-01,2018-05-01,17006,Gestionnaire 17006,580833,Assureur 580833
672948,Lewis,Vanessa,nelsonamanda@example.org,+1-475-610-9872,1959-11-10,F,2016-11-19,2023-09-24,440255,Gestionnaire 440255,227099,Assureur 227099
799516,Meyer,Andrea,gvazquez@example.net,001-681-740-2130x25160,1938-03-19,F,2018-06-26,2020-11-05,671434,Gestionnaire 671434,786318,Assureur 786318
452442,Montes,Ashley,danielsuarez@example.com,+1-463-829-5669x25714,1967-12-05,M,2017-12-06,2024-01-29,694235,Gestionnaire 694235,754640,Assureur 754640
1008332,Ortiz,Erika,michele53@example.com,+1-492-521-6859,1983-03-14,M,2016-08-20,2023-01-02,526267,Gestionnaire 526267,637972,Assureur 637972
131781,Johnson,Ryan,veronica53@example.com,762.505.5441,1986-10-28,F,2014-07-02,2021-01-14,647092,Gestionnaire 647092,678979,Assureur 678979
691445,Jones,Holly,heatherkim@example.com,(318)756-3664,1972-09-26,F,2015-06-14,2023-11-14,545868,Gestionnaire 545868,716813,Assureur 716813
583895,Avery,Shelby,allenheather@example.com,+1-656-732-5675x117,1961-06-01,F,2017-06-26,2023-10-09,339943,Gestionnaire 339943,97249,Assureur 97249
872591,Rivera,Benjamin,nicholslisa@example.net,001-347-345-9473x76937,1960-08-23,M,2022-10-13,2024-06-09,76965,Gestionnaire 76965,207642,Assureur 207642
501500,Adams,Christine,karennewman@example.com,+1-853-275-1523x67412,1987-12-27,F,2022-03-29,2022-05-29,909937,Gestionnaire 909937,821553,Assureur 821553
559454,Sullivan,Cameron,whanson@example.com,480-319-8686x8159,1971-05-10,M,2019-08-05,2020-10-15,275425,Gestionnaire 275425,504697,Assureur 504697
968493,Barrett,Brian,wrightmatthew@example.org,892-226-9022,1986-05-14,F,2017-01-11,2019-05-19,17666,Gestionnaire 17666,740667,Assureur 740667
187284,Garcia,Laura,whoward@example.org,334.370.9783,1966-06-10,F,2021-11-06,2024-05-29,550773,Gestionnaire 550773,506749,Assureur 506749
842291,Rodriguez,Shelby,jeffrey01@example.org,589.252.2886x279,1946-12-21,F,2017-04-10,2020-04-16,749922,Gestionnaire 749922,837560,Assureur 837560
817666,Holt,Joseph,bennettbrian@example.org,539-424-9097x82400,1976-01-18,F,2024-02-04,2024-04-22,921947,Gestionnaire 921947,987199,Assureur 987199
638073,Marsh,Michelle,rbrooks@example.org,564-559-7710x80001,1993-10-10,M,2022-03-19,2022-04-03,196402,Gestionnaire 196402,209507,Assureur 209507
357797,Richardson,Jamie,valeriehernandez@example.net,(736)466-6615x458,1943-09-02,F,2023-01-13,2023-09-25,160856,Gestionnaire 160856,132534,Assureur 132534
379599,Phillips,Susan,nathanowen@example.net,857-309-0749x4797,1995-06-28,M,2021-07-09,2022-08-03,507518,Gestionnaire 507518,782314,Assureur 782314
781546,Gill,Nichole,dsmith@example.net,543.858.3387,2004-06-12,F,2015-05-27,2019-04-20,827234,Gestionnaire 827234,335769,Assureur 335769
856086,Simpson,Kenneth,pphillips@example.com,671-342-7635,1936-09-21,F,2022-02-27,2022-07-06,937820,Gestionnaire 937820,651516,Assureur 651516
623409,Vasquez,Jonathan,james43@example.net,(520)660-4934x3053,1957-04-12,M,2015-02-18,2022-07-18,127368,Gestionnaire 127368,221613,Assureur 221613
875089,Hernandez,Renee,stephen70@example.org,791.833.7938x322,1976-03-31,M,2019-12-06,2022-12-17,779898,Gestionnaire 779898,414185,Assureur 414185
400513,Murphy,Lori,brose@example.net,547.691.2808,1998-03-30,M,2015-08-19,2021-12-21,612783,Gestionnaire 612783,418391,Assureur 418391
816853,Cooper,David,carlos49@example.net,001-898-630-8090x2263,1961-08-01,M,2019-05-31,2021-10-13,793553,Gestionnaire 793553,878202,Assureur 878202
923282,Lutz,Tina,matthew56@example.net,7408314327,1949-01-24,M,2017-09-09,2023-02-13,129065,Gestionnaire 129065,459093,Assureur 459093
1001778,Fisher,Timothy,yanglori@example.org,460-465-4334,1959-07-04,F,2015-11-05,2018-10-07,399794,Gestionnaire 399794,257212,Assureur 257212
650671,Johnson,Anthony,brittanyharper@example.com,001-531-534-1277x1369,1970-07-03,M,2024-01-10,2024-04-20,871485,Gestionnaire 871485,452308,Assureur 452308
795379,Baker,Susan,reevesthomas@example.net,+1-532-623-4198x057,1981-08-31,M,2018-05-07,2024-01-15,580933,Gestionnaire 580933,715160,Assureur 715160
1069361,Cole,Patricia,kim07@example.com,9776320624,1945-07-31,F,2019-01-01,2021-09-13,23444,Gestionnaire 23444,321664,Assureur 321664
424638,Harrison,Audrey,cnelson@example.com,259.723.7796x1842,1971-08-22,F,2018-02-06,2020-02-25,587066,Gestionnaire 587066,720871,Assureur 720871
289132,Christensen,Craig,ralphsilva@example.com,3935337979,1966-06-15,M,2023-06-30,2023-07-06,482897,Gestionnaire 482897,638133,Assureur 638133
451593,Bishop,Alexander,rthomas@example.com,280.728.0701,1935-01-18,F,2017-06-24,2020-02-23,51059,Gestionnaire 51059,701121,Assureur 701121
693600,Evans,Kelly,smithmark@example.org,926.877.5103x45529,2004-06-20,F,2014-07-04,2014-08-30,957004,Gestionnaire 957004,232853,Assureur 232853
297966,Martin,Laura,crystal11@example.net,8357515409,1948-10-03,M,2024-01-13,2024-02-06,619695,Gestionnaire 619695,23733,Assureur 23733
167397,Ramirez,James,smithsamantha@example.net,+1-709-343-7794,1947-09-05,M,2021-08-29,2023-09-03,946170,Gestionnaire 946170,483635,Assureur 483635
903555,Horton,Michael,teresa18@example.com,(831)617-1295x34502,1948-05-16,F,2024-03-04,2024-05-22,887273,Gestionnaire 887273,880864,Assureur 880864
772743,Carter,Leah,elizabeth89@example.com,316.609.0005x48944,1962-07-24,F,2018-05-12,2020-06-14,740719,Gestionnaire 740719,342781,Assureur 342781
689308,Schneider,David,timothyallen@example.net,+1-797-634-7763x26241,1976-03-14,M,2021-10-19,2022-10-02,647603,Gestionnaire 647603,481539,Assureur 481539
967392,Ferguson,Taylor,blackleslie@example.net,(911)623-9165x547,1948-06-14,F,2017-11-08,2021-10-29,481086,Gestionnaire 481086,322859,Assureur 322859
976171,Carter,Steven,ecolon@example.org,811-904-4783,1992-05-05,M,2017-08-14,2023-08-18,170683,Gestionnaire 170683,977601,Assureur 977601
418111,Walker,Latoya,thomasmegan@example.org,(760)347-2915,1947-07-24,M,2020-06-03,2020-06-09,10506,Gestionnaire 10506,454960,Assureur 454960
623744,Merritt,Glenn,davidjohnson@example.com,(430)979-2489,1998-02-11,M,2014-12-27,2021-03-24,530235,Gestionnaire 530235,327505,Assureur 327505
1088289,Raymond,Lindsey,sjackson@example.net,(481)653-1618,1934-09-25,F,2018-11-26,2022-02-03,543479,Gestionnaire 543479,466271,Assureur 466271
244661,Li,Darrell,bmoore@example.net,745-858-2624x663,1972-10-26,M,2019-06-28,2023-07-31,162140,Gestionnaire 162140,903768,Assureur 903768
625093,Fisher,John,cynthia30@example.org,+1-743-615-2718x180,2001-01-09,M,2022-08-17,2023-06-09,429730,Gestionnaire 429730,196091,Assureur 196091
842166,Villanueva,Thomas,stevensjared@example.com,001-745-496-5755x95737,1970-07-14,M,2017-05-22,2019-04-30,296849,Gestionnaire 296849,406515,Assureur 406515
492659,Andrews,Dustin,rconrad@example.com,+1-217-688-7647x9581,1953-10-15,M,2021-03-20,2023-02-14,623844,Gestionnaire 623844,416359,Assureur 416359
1042414,Rowland,Paul,tlewis@example.net,(716)392-6543x698,1998-09-20,M,2023-03-08,2024-02-07,158898,Gestionnaire 158898,385935,Assureur 385935
452806,Galloway,Taylor,ericmontgomery@example.net,731.504.3117,1969-08-19,M,2023-08-20,2024-02-11,648963,Gestionnaire 648963,925043,Assureur 925043
450190,Ball,Angela,tbates@example.org,236.512.8736x064,1991-12-14,M,2014-08-15,2015-07-05,243518,Gestionnaire 243518,413641,Assureur 413641
655375,Lucas,Samuel,higginslorraine@example.org,001-391-554-6546x007,1938-05-30,M,2016-04-12,2018-07-22,588810,Gestionnaire 588810,347517,Assureur 347517
202474,Dennis,Aaron,rthomas@example.org,(968)854-9249,1992-12-06,F,2023-11-26,2024-02-21,604096,Gestionnaire 604096,345991,Assureur 345991
329424,Graves,Michele,justin09@example.net,203-231-8479,1977-02-21,F,2015-07-07,2018-04-26,997751,Gestionnaire 997751,777051,Assureur 777051
460661,Harrison,Kevin,cody54@example.net,(824)404-4609x700,1948-05-15,F,2021-01-24,2021-04-10,39937,Gestionnaire 39937,682076,Assureur 682076
361139,Griffin,Cody,greg57@example.org,857.426.7539x3896,1945-08-23,M,2016-10-27,2023-01-31,346923,Gestionnaire 346923,572888,Assureur 572888
218740,Johnson,Christina,michael85@example.net,320-622-9262x166,1938-11-27,F,2019-06-24,2023-10-23,571917,Gestionnaire 571917,566775,Assureur 566775
175347,Smith,Douglas,brittney34@example.net,979-263-4503x7726,1958-04-14,F,2018-07-17,2020-06-04,159740,Gestionnaire 159740,921000,Assureur 921000
493203,Lopez,Brady,mistyramos@example.net,374-459-5554x6264,1944-04-13,M,2017-07-06,2023-10-11,898693,Gestionnaire 898693,524129,Assureur 524129
821107,Woodward,Joyce,johnmcpherson@example.net,608.906.2635x382,1969-12-07,M,2020-05-24,2021-05-08,679076,Gestionnaire 679076,150257,Assureur 150257
244324,Johnson,Christy,cwhitaker@example.org,+1-453-325-1933x1902,1982-09-20,M,2015-10-20,2021-06-27,339712,Gestionnaire 339712,535492,Assureur 535492
167506,Decker,Courtney,davissarah@example.org,+1-986-582-6217x3474,1959-07-22,F,2017-05-18,2022-03-13,676988,Gestionnaire 676988,85732,Assureur 85732
210028,Mcdonald,Lisa,scottreynolds@example.org,7789984237,1987-12-14,M,2021-08-20,2023-02-10,173553,Gestionnaire 173553,341193,Assureur 341193
445006,Fuller,Renee,hoodjoel@example.com,001-243-999-9574x189,1972-06-11,F,2022-04-13,2024-02-10,271660,Gestionnaire 271660,465601,Assureur 465601
365361,Chambers,Barbara,kathrynroberts@example.org,(934)404-3009,1999-07-27,M,2016-01-23,2020-04-02,629345,Gestionnaire 629345,285168,Assureur 285168
445006,Fuller,Renee,hoodjoel@example.com,001-243-999-9574x189,1972-06-11,F,2022-04-13,2024-02-10,271660,Gestionnaire 271660,465601,Assureur 465603
